id,categoryid,auto_maintenance_column
"20244","1",""
"23933","1",""
"31011","1",""
"31327","1",""
"25400","1",""
"31081","1",""
"31359","1",""
"31332","1",""
"25396","1",""
"20940","1",""
"19906","1",""
"1126","1",""
"28532","1",""
"31532","1",""
"17436","1",""
"3643","1",""
"16808","1",""
"4309","1",""
"16810","1",""
"31573","1",""
"23171","1",""
"30106","1",""
"30141","3",""
"23203","3",""
"22868","3",""
"31594","3",""
"25642","3",""
"28228","3",""
"25193","3",""
"25667","3",""
"23888","3",""
"30192","3",""
"31241","3",""
"22903","3",""
"27890","3",""
"21087","3","Y"
"29403","3",""
"21738","3",""
"30369","3",""
"22851","3",""
"22857","3",""
"27708","3",""
"29124","3",""
"28216","3",""
"29114","3",""
"23850","3",""
"29813","3",""
"29637","3",""
"29819","3",""
"30899","3",""
"30950","3",""
"15463","4",""
"30584","4",""
"21072","4","Y"
"16639","4",""
"21073","4","Y"
"28912","4",""
"15239","4",""
"28920","4",""
"3734","4",""
"21074","4","Y"
"25048","4",""
"25983","4",""
"15189","4",""
"25055","4",""
"15201","4",""
"15203","4",""
"15179","4",""
"3703","4",""
"23294","4",""
"30086","4",""
"25047","4",""
"30088","4",""
"29452","4",""
"31838","4",""
"23608","4",""
"25041","4",""
"15469","4",""
"16823","4",""
"16827","4",""
"19848","4",""
"28914","4",""
"30569","6",""
"30946","6",""
"28951","6",""
"31613","6",""
"31017","6",""
"30526","6",""
"26285","6",""
"26288","6",""
"30980","6",""
"26294","6",""
"26297","6",""
"30997","6",""
"31435","6",""
"29587","6",""
"29402","6",""
"29449","6",""
"31577","6",""
"29433","6",""
"30466","6",""
"31833","6",""
"29680","6",""
"19315","6",""
"24374","6",""
"30166","6",""
"24889","6",""
"31822","6",""
"24886","6",""
"31100","6",""
"20756","6",""
"30054","6",""
"31226","6",""
"30070","6",""
"24863","6",""
"24866","6",""
"24869","6",""
"28634","6",""
"31472","6",""
"30575","6",""
"30538","6",""
"31050","6",""
"31511","6",""
"31514","7",""
"31370","7",""
"20583","7",""
"20625","7",""
"20619","7",""
"31585","7",""
"25191","7",""
"23886","7",""
"31404","7",""
"30995","7",""
"31243","7",""
"27886","7",""
"23172","7",""
"29834","7",""
"29842","7",""
"20538","7",""
"31521","7",""
"29087","7",""
"31230","7",""
"30542","7",""
"31212","7",""
"31208","7",""
"31204","7",""
"30399","7",""
"31509","7",""
"27812","8",""
"23974","8",""
"16315","8",""
"29962","8",""
"28227","8",""
"1404","8",""
"29072","8",""
"30998","8",""
"21005","8",""
"22614","8",""
"21023","8",""
"29995","8",""
"17151","8",""
"20672","8",""
"3622","8",""
"19994","8",""
"30365","8",""
"30547","8",""
"31835","8",""
"30629","8",""
"31318","8",""
"30833","8",""
"22453","8",""
"30112","8",""
"31324","8",""
"26368","8",""
"26355","8",""
"23652","8",""
"30618","8",""
"29996","8",""
"22616","8",""
"22295","8",""
"22293","8",""
"30550","8",""
"21146","8","Y"
"24410","8",""
"31451","8",""
"30326","8",""
"24415","8",""
"28215","8",""
"21194","8",""
"29447","8",""
"22783","8",""
"27185","8",""
"31544","8",""
"29064","8",""
"30401","8",""
"31010","8",""
"31814","9",""
"21197","9",""
"31787","9",""
"31799","9",""
"2940","9",""
"2958","9",""
"31319","9",""
"31326","9",""
"31820","9",""
"27422","9",""
"27394","9",""
"31627","9",""
"30461","9",""
"30458","9",""
"31808","9",""
"31806","9",""
"31677","9",""
"31769","9",""
"24204","9",""
"24207","9",""
"31744","9",""
"31640","9",""
"31643","9",""
"31680","9",""
"31747","9",""
"31750","9",""
"31793","9",""
"31805","9",""
"31668","9",""
"31671","9",""
"31674","9",""
"31649","9",""
"31655","9",""
"31634","9",""
"31637","9",""
"31683","9",""
"31710","9",""
"31713","9",""
"31716","9",""
"31725","9",""
"31728","9",""
"31731","9",""
"31734","9",""
"31753","9",""
"31778","9",""
"31781","9",""
"31741","9",""
"31756","9",""
"31686","9",""
"31689","9",""
"27189","9",""
"31659","9",""
"31699","9",""
"31707","9",""
"31719","9",""
"31722","9",""
"28341","9",""
"28344","9",""
"25125","9",""
"28347","9",""
"24169","9",""
"24172","9",""
"31665","9",""
"24175","9",""
"24178","9",""
"31616","9",""
"31621","9",""
"31695","9",""
"31772","9",""
"31775","9",""
"31738","9",""
"31759","9",""
"31762","9",""
"31765","9",""
"28841","9",""
"31810","9",""
"23977","10",""
"23204","10",""
"31194","10",""
"30947","10",""
"25643","10",""
"28863","10",""
"23892","10",""
"23883","10",""
"29070","10",""
"28714","10",""
"16482","10",""
"5925","10",""
"1819","10",""
"31003","10",""
"21008","10",""
"31389","10",""
"21026","10",""
"29361","10",""
"20934","10",""
"29400","10",""
"16491","10",""
"29057","10",""
"23915","10",""
"20669","10",""
"21739","10",""
"30367","10",""
"23169","10",""
"15415","10",""
"31527","10",""
"26366","10",""
"26353","10",""
"16479","10",""
"22919","10",""
"19877","10",""
"22853","10",""
"23654","10",""
"28628","10",""
"31039","10",""
"23909","10",""
"24407","10",""
"28336","10",""
"20010","10",""
"29083","10",""
"24796","10",""
"24412","10",""
"30055","10",""
"30909","10",""
"21299","10",""
"31473","10",""
"24391","10",""
"31545","10",""
"30935","10",""
"23851","10",""
"23858","10",""
"26359","11",""
"29197","11",""
"28455","11",""
"2638","11",""
"28453","11",""
"28461","11",""
"28839","11",""
"4346","11",""
"949","11",""
"22766","11",""
"30705","11",""
"25177","11",""
"28465","11",""
"28459","11",""
"16498","11",""
"16499","11",""
"29186","11",""
"30289","11",""
"29558","11",""
"20743","11",""
"29191","11",""
"29181","11",""
"28393","13",""
"28394","13",""
"20310","13",""
"31019","13",""
"28418","13",""
"16812","13",""
"20624","13",""
"3104","13",""
"17454","13",""
"24968","13",""
"30566","14",""
"30406","14",""
"31609","14",""
"30787","14",""
"29135","14",""
"29136","14",""
"25947","14",""
"31560","14",""
"31598","14",""
"31600","14",""
"29160","14",""
"29163","14",""
"29166","14",""
"29169","14",""
"29172","14",""
"29177","14",""
"31340","14",""
"28391","14",""
"29199","14",""
"30082","14",""
"20312","14",""
"30178","14",""
"31582","14",""
"31456","14",""
"29971","14",""
"30635","14",""
"25312","14",""
"21056","14","Y"
"28624","14",""
"23030","14",""
"23948","14",""
"29039","14",""
"30477","14",""
"19001","14",""
"30586","14",""
"28712","14",""
"16001","14",""
"20308","14",""
"29585","14",""
"6891","14",""
"30024","14",""
"30021","14",""
"31432","14",""
"29325","14",""
"21076","14","Y"
"21077","14","Y"
"21078","14","Y"
"21079","14","Y"
"29357","14",""
"29362","14",""
"31300","14",""
"29366","14",""
"19561","14",""
"20379","14",""
"20382","14",""
"22883","14",""
"15522","14",""
"14930","14",""
"21082","14","Y"
"31096","14",""
"21083","14","Y"
"21084","14","Y"
"29185","14",""
"18471","14",""
"2734","14",""
"31106","14",""
"28375","14",""
"24425","14",""
"25345","14",""
"31452","14",""
"31303","14",""
"29560","14",""
"28052","14",""
"27619","14",""
"28059","14",""
"28061","14",""
"28068","14",""
"28075","14",""
"28080","14",""
"19659","14",""
"19663","14",""
"19665","14",""
"19661","14",""
"28034","14",""
"31168","14",""
"31174","14",""
"31221","14",""
"31057","14",""
"30811","14",""
"27530","14",""
"19371","14",""
"18501","14",""
"20300","14",""
"19679","14",""
"31831","14",""
"28331","14",""
"28325","14",""
"30042","14",""
"30214","14",""
"25174","14",""
"22166","14",""
"25314","14",""
"24559","14",""
"30688","14",""
"27616","14",""
"25199","14",""
"29085","14",""
"29125","14",""
"30015","14",""
"30019","14",""
"30009","14",""
"30012","14",""
"21456","14",""
"30692","14",""
"24797","14",""
"27991","14",""
"31337","14",""
"30816","14",""
"23583","14",""
"29234","14",""
"30148","14",""
"30151","14",""
"30154","14",""
"30159","14",""
"30551","14",""
"30683","14",""
"30687","14",""
"25769","14",""
"30674","14",""
"30669","14",""
"29312","14",""
"28426","14",""
"29555","14",""
"29115","14",""
"30572","14",""
"29237","14",""
"30157","14",""
"27644","14",""
"29414","14",""
"29418","14",""
"31539","14",""
"29190","14",""
"29180","14",""
"31396","14",""
"28038","14",""
"31288","14",""
"29267","14",""
"30002","14",""
"31198","14",""
"30062","14",""
"31063","14",""
"28535","15",""
"28542","15",""
"29536","15",""
"29535","15",""
"31136","15",""
"21063","15","Y"
"31132","15",""
"31140","15",""
"24748","15",""
"31444","15",""
"30966","15",""
"28568","15",""
"23982","15",""
"29103","15",""
"21732","15",""
"28583","15",""
"28595","15",""
"28605","15",""
"26307","15",""
"19123","15",""
"1304","15",""
"20451","15",""
"28589","15",""
"28592","15",""
"20589","15",""
"20628","15",""
"20622","15",""
"31587","15",""
"27292","15",""
"15138","15",""
"28559","15",""
"21126","15","Y"
"28610","15",""
"25999","15",""
"21497","15",""
"28546","15",""
"28291","15",""
"27288","15",""
"21487","15",""
"21490","15",""
"28586","15",""
"28598","15",""
"23623","15",""
"29895","15",""
"30880","15",""
"31352","15",""
"29175","16",""
"30080","16",""
"10592","16",""
"28477","16",""
"28538","16",""
"28543","16",""
"28569","16",""
"29104","16",""
"28606","16",""
"26308","16",""
"29703","16",""
"20452","16",""
"26008","16",""
"27293","16",""
"29974","16",""
"31438","16",""
"3105","16",""
"31542","16",""
"28611","16",""
"26000","16",""
"23605","16",""
"23650","16",""
"28479","16",""
"28613","16",""
"31475","16",""
"24930","16",""
"23624","16",""
"23197","17",""
"22866","17",""
"25187","17",""
"25665","17",""
"27884","17",""
"20930","17",""
"29397","17",""
"21734","17",""
"30366","17",""
"27702","17",""
"30933","17",""
"23857","17",""
"29816","17",""
"29640","17",""
"29821","17",""
"29802","17",""
"30902","17",""
"30939","17",""
"27815","25",""
"23979","25",""
"30142","25",""
"31519","25",""
"23202","25",""
"30943","25",""
"25192","25",""
"25670","25",""
"23890","25",""
"31016","25",""
"29076","25",""
"20942","25",""
"31004","25",""
"21006","25",""
"21028","25",""
"28561","25",""
"30195","25",""
"28534","25",""
"27889","25",""
"20932","25",""
"29401","25",""
"31581","25",""
"23918","25",""
"21737","25",""
"30368","25",""
"23173","25",""
"31524","25",""
"31386","25",""
"23653","25",""
"31037","25",""
"31630","25",""
"23912","25",""
"21499","25",""
"27706","25",""
"31828","25",""
"29086","25",""
"29122","25",""
"20760","25",""
"24795","25",""
"21489","25",""
"30051","25",""
"31232","25",""
"30907","25",""
"21301","25",""
"21367","25",""
"24419","25",""
"21371","25",""
"30921","25",""
"30818","25",""
"29112","25",""
"31617","25",""
"31624","25",""
"30544","25",""
"30108","25",""
"30596","25",""
"30601","25",""
"31134","27",""
"9745","27",""
"31130","27",""
"31138","27",""
"24747","27",""
"31443","27",""
"28582","27",""
"28594","27",""
"19122","27",""
"28588","27",""
"28591","27",""
"15137","27",""
"28562","27",""
"21496","27",""
"28290","27",""
"27289","27",""
"28585","27",""
"28597","27",""
"29893","27",""
"30879","27",""
"31351","27",""
"28540","28",""
"28566","28",""
"29101","28",""
"28603","28",""
"26305","28",""
"20449","28",""
"27290","28",""
"9777","28",""
"28608","28",""
"25997","28",""
"28545","28",""
"30567","29",""
"30527","29",""
"29434","29",""
"30071","29",""
"24864","29",""
"24867","29",""
"24870","29",""
"30573","29",""
"28952","30",""
"31614","30",""
"26286","30",""
"26289","30",""
"30981","30",""
"26295","30",""
"26298","30",""
"31436","30",""
"29588","30",""
"31834","30",""
"19316","30",""
"24890","30",""
"31823","30",""
"24887","30",""
"31101","30",""
"31229","30",""
"28635","30",""
"30541","30",""
"15462","31",""
"30583","31",""
"1093","31",""
"16638","31",""
"1095","31",""
"28911","31",""
"15238","31",""
"28919","31",""
"3733","31",""
"1655","31",""
"25049","31",""
"25982","31",""
"15188","31",""
"25054","31",""
"15200","31",""
"15202","31",""
"15178","31",""
"3702","31",""
"19847","31",""
"28913","31",""
"23295","32",""
"30085","32",""
"25046","32",""
"30087","32",""
"23607","32",""
"25040","32",""
"15468","32",""
"16822","32",""
"16826","32",""
"31341","33",""
"28392","33",""
"28625","33",""
"31827","33",""
"31589","34",""
"29040","34",""
"1840","34",""
"1458","34",""
"30478","34",""
"25189","34",""
"23659","34",""
"16358","34",""
"1833","34",""
"1486","34",""
"26845","34",""
"23154","34",""
"23156","34",""
"27694","34",""
"30893","34",""
"20540","34",""
"31520","34",""
"31816","34",""
"27418","34",""
"27390","34",""
"31107","34",""
"27312","34",""
"30167","34",""
"30381","34",""
"29358","37",""
"29363","37",""
"31301","37",""
"29367","37",""
"20377","37",""
"20380","37",""
"22882","37",""
"27642","37",""
"31599","38",""
"31602","38",""
"29162","38",""
"29165","38",""
"29168","38",""
"29171","38",""
"29174","38",""
"31584","38",""
"31458","38",""
"6892","38",""
"2044","38",""
"2040","38",""
"2042","38",""
"2039","38",""
"19562","38",""
"28053","38",""
"27620","38",""
"28060","38",""
"28062","38",""
"28069","38",""
"28076","38",""
"28081","38",""
"19660","38",""
"19664","38",""
"19666","38",""
"19662","38",""
"28033","38",""
"30813","38",""
"22167","38",""
"25315","38",""
"24560","38",""
"30691","38",""
"27618","38",""
"25200","38",""
"30695","38",""
"27992","38",""
"31339","38",""
"30819","38",""
"29236","38",""
"30149","38",""
"30152","38",""
"30155","38",""
"30160","38",""
"29557","38",""
"29240","38",""
"29417","38",""
"29421","38",""
"31541","38",""
"31398","38",""
"28037","38",""
"31290","38",""
"29269","38",""
"30003","38",""
"31199","38",""
"31596","38",""
"31812","42",""
"21195","42",""
"31785","42",""
"31797","42",""
"31313","42",""
"31325","42",""
"31818","42",""
"27420","42",""
"27392","42",""
"31791","42",""
"31803","42",""
"31647","42",""
"31653","42",""
"27190","42",""
"31663","42",""
"31693","42",""
"28842","42",""
"31314","45",""
"31320","45",""
"31815","45",""
"27417","45",""
"27389","45",""
"31813","46",""
"31782","48",""
"31794","48",""
"31788","48",""
"31800","48",""
"31644","48",""
"31650","48",""
"31660","48",""
"31690","48",""
"31809","50",""
"31807","50",""
"31811","50",""
"30788","51",""
"29137","51",""
"25949","51",""
"31561","51",""
"30636","51",""
"25313","51",""
"2176","51",""
"3905","51",""
"18474","51",""
"24427","51",""
"31058","51",""
"30812","51",""
"27531","51",""
"19372","51",""
"18502","51",""
"31225","51",""
"30043","51",""
"30689","51",""
"21457","51",""
"30693","51",""
"31338","51",""
"30817","51",""
"29235","51",""
"29238","51",""
"29415","51",""
"29419","51",""
"31540","51",""
"31289","51",""
"29268","51",""
"31064","51",""
"25948","52",""
"31597","52",""
"31601","52",""
"29161","52",""
"29164","52",""
"29167","52",""
"29170","52",""
"29173","52",""
"2399","52",""
"24426","52",""
"25344","52",""
"29556","52",""
"31397","52",""
"31200","52",""
"30585","53",""
"31105","53",""
"28374","53",""
"30213","53",""
"25173","53",""
"29118","53",""
"30147","53",""
"30150","53",""
"30153","53",""
"30158","53",""
"28425","53",""
"29108","53",""
"30156","53",""
"30407","54",""
"31610","54",""
"31583","54",""
"31457","54",""
"29969","54",""
"28709","54",""
"29582","54",""
"15524","54",""
"14933","54",""
"2253","54",""
"20302","54",""
"28328","54",""
"28322","54",""
"31595","54",""
"29134","55",""
"18472","55",""
"24793","55",""
"30179","56",""
"19003","56",""
"20378","56",""
"20381","56",""
"31453","56",""
"30552","56",""
"27643","56",""
"29176","57",""
"29198","57",""
"30081","57",""
"30025","57",""
"30022","57",""
"31433","57",""
"29326","57",""
"29187","57",""
"29559","57",""
"30016","57",""
"30018","57",""
"30011","57",""
"30014","57",""
"29192","57",""
"29182","57",""
"30001","57",""
"30064","57",""
"30564","60",""
"20311","60",""
"28710","60",""
"16002","60",""
"20307","60",""
"29583","60",""
"6893","60",""
"19560","60",""
"15523","60",""
"14931","60",""
"31095","60",""
"28329","60",""
"28323","60",""
"23582","60",""
"28769","60",""
"30571","60",""
"23658","61",""
"16357","61",""
"26844","61",""
"23153","61",""
"23155","61",""
"27693","61",""
"30380","61",""
"29970","63",""
"23032","63",""
"23950","63",""
"29041","63",""
"30479","63",""
"28711","63",""
"29584","63",""
"29359","63",""
"23981","63",""
"11565","63",""
"29502","63",""
"15525","63",""
"14932","63",""
"21196","63",""
"2736","63",""
"31454","63",""
"29679","63",""
"19681","63",""
"28330","63",""
"28324","63",""
"29673","63",""
"30143","65",""
"31611","65",""
"23934","65",""
"16640","65",""
"29077","65",""
"18473","65",""
"17149","65",""
"3623","65",""
"19992","65",""
"30545","65",""
"31455","65",""
"15416","65",""
"31836","65",""
"26365","65",""
"26352","65",""
"9650","65",""
"9630","65",""
"9640","65",""
"9620","65",""
"31367","65",""
"16480","65",""
"22920","65",""
"19878","65",""
"9633","65",""
"9623","65",""
"9643","65",""
"9653","65",""
"9613","65",""
"9610","65",""
"28629","65",""
"31038","65",""
"30548","65",""
"23980","65",""
"12165","65",""
"24371","65",""
"30163","65",""
"27707","65",""
"31824","65",""
"30690","65",""
"27617","65",""
"31449","65",""
"29123","65",""
"21458","65",""
"30694","65",""
"24792","65",""
"25765","65",""
"30670","65",""
"30665","65",""
"29308","65",""
"22653","65",""
"29113","65",""
"29239","65",""
"28014","65",""
"29416","65",""
"29420","65",""
"27747","65",""
"17244","68",""
"17329","68",""
"17328","68",""
"5059","68",""
"5050","68",""
"7943","68",""
"17234","68",""
"17236","68",""
"28950","68",""
"17237","68",""
"17238","68",""
"5065","68",""
"17239","68",""
"7510","68",""
"17330","68",""
"17252","68",""
"17253","68",""
"17324","68",""
"21825","68",""
"17326","68",""
"17327","68",""
"21838","68",""
"7949","68",""
"21839","68",""
"17306","68",""
"17325","68",""
"5000","68",""
"5032","68",""
"5056","68",""
"10341","68",""
"17243","68",""
"5232","68",""
"17242","68",""
"17249","68",""
"17250","68",""
"17240","68",""
"17241","68",""
"23755","68",""
"17321","68",""
"21884","68",""
"21894","68",""
"21893","68",""
"17232","68",""
"10520","68",""
"21246","68",""
"17235","68",""
"17317","68",""
"23190","68",""
"19682","68",""
"21789","68",""
"17308","68",""
"29080","68",""
"17258","68",""
"17251","68",""
"23192","68",""
"23191","68",""
"21232","68",""
"21898","68",""
"27745","68",""
"27737","68",""
"31219","68",""
"30626","69",""
"31315","69",""
"30830","69",""
"22450","69",""
"30109","69",""
"31321","69",""
"9648","69",""
"9629","69",""
"9639","69",""
"9619","69",""
"31819","69",""
"27421","69",""
"27393","69",""
"9631","69",""
"9621","69",""
"9641","69",""
"9651","69",""
"9611","69",""
"9609","69",""
"27314","69",""
"30619","69",""
"31169","69",""
"31175","69",""
"31222","69",""
"31830","69",""
"31224","69",""
"30323","69",""
"30680","69",""
"30684","69",""
"25767","69",""
"30672","69",""
"30667","69",""
"29310","69",""
"31253","69",""
"31259","69",""
"31249","69",""
"31201","69",""
"29674","69",""
"30627","70",""
"31316","70",""
"30831","70",""
"22451","70",""
"30110","70",""
"31322","70",""
"30616","70",""
"30324","70",""
"31817","71",""
"27419","71",""
"27391","71",""
"27313","71",""
"31167","71",""
"31173","71",""
"31220","71",""
"31223","71",""
"31202","71",""
"27816","73",""
"23973","73",""
"31237","73",""
"30138","73",""
"31515","73",""
"23198","73",""
"22867","73",""
"31189","73",""
"30941","73",""
"31371","73",""
"20584","73",""
"20626","73",""
"20620","73",""
"31586","73",""
"25637","73",""
"28223","73",""
"25188","73",""
"25666","73",""
"23885","73",""
"19971","73",""
"31405","73",""
"29071","73",""
"30996","73",""
"21075","73","Y"
"31390","73",""
"21080","73","Y"
"30193","73",""
"31242","73",""
"22901","73",""
"27885","73",""
"20931","73",""
"29398","73",""
"29448","73",""
"23916","73",""
"20670","73",""
"21735","73",""
"23170","73",""
"21826","73",""
"29835","73",""
"29843","73",""
"20539","73",""
"31528","73",""
"22849","73",""
"31383","73",""
"23657","73",""
"29997","73",""
"27866","73",""
"31033","73",""
"31631","73",""
"23910","73",""
"22854","73",""
"20301","73",""
"27703","73",""
"24408","73",""
"28337","73",""
"20011","73",""
"31832","73",""
"29088","73",""
"29117","73",""
"20755","73",""
"24413","73",""
"28211","73",""
"30049","73",""
"30904","73",""
"21294","73",""
"21396","73",""
"30125","73",""
"21364","73",""
"24416","73",""
"30918","73",""
"30060","73",""
"30916","73",""
"30914","73",""
"21442","73",""
"30169","73",""
"31144","73",""
"31470","73",""
"22784","73",""
"29107","73",""
"24929","73",""
"27187","73",""
"31619","73",""
"31625","73",""
"28241","73",""
"27773","73",""
"29082","73",""
"27776","73",""
"27766","73",""
"23875","73",""
"27767","73",""
"27765","73",""
"27771","73",""
"27770","73",""
"27774","73",""
"27768","73",""
"27769","73",""
"28006","73",""
"27787","73",""
"27796","73",""
"28012","73",""
"27899","73",""
"30007","73",""
"31158","73",""
"27907","73",""
"23798","73",""
"27902","73",""
"27905","73",""
"25251","73",""
"29797","73",""
"27794","73",""
"23805","73",""
"30220","73",""
"27804","73",""
"30219","73",""
"28004","73",""
"30218","73",""
"23838","73",""
"30931","73",""
"23845","73",""
"23853","73",""
"29065","73",""
"30612","73",""
"27874","73",""
"28008","73",""
"29061","73",""
"31216","73",""
"28293","73",""
"29810","73",""
"29817","73",""
"29799","73",""
"30896","73",""
"30911","73",""
"30927","73",""
"30936","73",""
"30948","73",""
"30951","73",""
"29790","73",""
"29793","73",""
"29783","73",""
"29846","73",""
"29848","73",""
"29854","73",""
"29852","73",""
"31213","73",""
"31209","73",""
"31205","73",""
"30398","73",""
"30593","73",""
"30598","73",""
"31026","73",""
"31048","73",""
"31047","73",""
"31043","73",""
"31045","73",""
"31046","73",""
"31069","73",""
"31070","73",""
"31510","73",""
"23978","80",""
"31239","80",""
"31195","80",""
"28579","80",""
"21064","80","Y"
"25194","80",""
"25668","80",""
"31147","80",""
"31155","80",""
"31153","80",""
"30364","80",""
"30558","80",""
"31094","80",""
"31604","80",""
"16872","80",""
"15327","80",""
"15337","80",""
"31013","80",""
"28735","80",""
"31331","80",""
"25403","80",""
"31085","80",""
"31363","80",""
"31336","80",""
"25399","80",""
"31410","80",""
"31245","80",""
"30895","80",""
"27888","80",""
"15041","80",""
"31572","80",""
"30468","80",""
"20543","80",""
"31369","80",""
"19317","80",""
"24370","80",""
"30162","80",""
"29924","80",""
"20759","80",""
"31231","80",""
"21300","80",""
"21369","80",""
"30168","80",""
"31142","80",""
"30543","80",""
"29427","80",""
"30090","80",""
"31606","80",""
"31146","81",""
"31154","81",""
"31152","81",""
"30557","81",""
"31093","81",""
"31603","81",""
"30894","81",""
"15040","81",""
"31575","81",""
"30467","81",""
"31368","81",""
"19314","81",""
"24369","81",""
"30161","81",""
"21370","81",""
"31605","81",""
"31012","82",""
"31328","82",""
"25401","82",""
"31082","82",""
"31360","82",""
"31333","82",""
"25397","82",""
"31578","82",""
"28578","83",""
"16871","83",""
"15326","83",""
"15336","83",""
"28734","83",""
"29925","83",""
"30170","83",""
"31143","83",""
"29426","83",""
"30089","83",""
"20245","85",""
"31083","85",""
"31361","85",""
"19907","85",""
"31533","85",""
"16809","85",""
"16811","85",""
"31574","85",""
"30107","85",""
"23935","86",""
"31329","86",""
"31334","86",""
"20941","86",""
"28533","86",""
"31534","86",""
"17437","86",""
"31084","89",""
"31362","89",""
"31576","89",""
"31330","90",""
"31335","90",""
"31135","92",""
"9746","92",""
"31131","92",""
"31139","92",""
"29894","92",""
"30563","94",""
"24019","94",""
"25402","94",""
"25398","94",""
"11566","94",""
"31535","94",""
"22030","94",""
"30681","94",""
"30685","94",""
"25766","94",""
"30671","94",""
"30666","94",""
"29309","94",""
"29481","94",""
"30570","94",""
"29478","94",""
"29062","94",""
"31626","95",""
"31615","95",""
"31620","95",""
"31786","96",""
"31798","96",""
"21120","96","Y"
"30463","96",""
"31676","96",""
"31768","96",""
"24203","96",""
"24206","96",""
"31743","96",""
"31639","96",""
"31642","96",""
"31679","96",""
"31746","96",""
"31749","96",""
"31792","96",""
"31804","96",""
"31667","96",""
"31670","96",""
"31673","96",""
"31648","96",""
"31654","96",""
"31633","96",""
"31636","96",""
"31682","96",""
"31709","96",""
"31712","96",""
"31715","96",""
"31724","96",""
"31727","96",""
"31730","96",""
"31733","96",""
"31752","96",""
"31777","96",""
"31780","96",""
"31740","96",""
"31755","96",""
"31685","96",""
"31688","96",""
"31658","96",""
"31698","96",""
"31706","96",""
"31718","96",""
"31721","96",""
"28340","96",""
"28343","96",""
"25124","96",""
"28346","96",""
"24168","96",""
"24171","96",""
"31664","96",""
"24174","96",""
"24177","96",""
"31694","96",""
"31771","96",""
"31774","96",""
"31737","96",""
"31758","96",""
"31761","96",""
"31764","96",""
"30462","99",""
"31766","99",""
"31748","99",""
"31776","99",""
"28339","99",""
"28342","99",""
"25123","99",""
"28345","99",""
"31735","99",""
"31760","99",""
"12249","101",""
"30464","101",""
"30459","101",""
"31742","101",""
"31745","101",""
"31757","101",""
"31763","101",""
"30465","102",""
"30460","102",""
"24202","102",""
"24205","102",""
"24173","102",""
"24176","102",""
"31681","103",""
"31708","103",""
"31711","103",""
"31714","103",""
"31723","103",""
"31726","103",""
"31729","103",""
"31732","103",""
"31751","103",""
"31779","103",""
"31739","103",""
"31754","103",""
"31684","103",""
"31687","103",""
"31697","103",""
"31705","103",""
"31783","104",""
"31795","104",""
"31638","104",""
"31641","104",""
"31789","104",""
"31802","104",""
"31645","104",""
"31651","104",""
"31657","104",""
"31696","104",""
"31704","104",""
"24167","104",""
"24170","104",""
"31661","104",""
"31691","104",""
"28843","104",""
"31784","105",""
"31796","105",""
"12250","105",""
"31675","105",""
"31767","105",""
"31678","105",""
"31790","105",""
"31801","105",""
"31666","105",""
"31669","105",""
"31672","105",""
"31646","105",""
"31652","105",""
"31632","105",""
"31635","105",""
"31656","105",""
"31717","105",""
"31720","105",""
"31662","105",""
"31692","105",""
"31770","105",""
"31773","105",""
"31736","105",""
"23914","106",""
"23168","106",""
"31526","106",""
"23908","106",""
"29074","107",""
"23913","107",""
"23167","107",""
"31522","107",""
"23907","107",""
"24406","107",""
"28335","107",""
"20009","107",""
"24411","107",""
"21444","107",""
"29641","107",""
"30400","107",""
"28536","108",""
"28541","108",""
"28567","108",""
"29102","108",""
"28604","108",""
"26306","108",""
"20450","108",""
"27291","108",""
"28609","108",""
"25998","108",""
"24932","108",""
"23625","108",""
"29702","109",""
"23604","109",""
"23649","109",""
"31192","110",""
"30944","110",""
"25641","110",""
"29069","110",""
"31002","110",""
"21009","110",""
"31388","110",""
"21027","110",""
"20667","110",""
"26369","110",""
"26356","110",""
"23655","110",""
"27868","110",""
"31036","110",""
"24409","110",""
"28338","110",""
"20012","110",""
"29084","110",""
"24414","110",""
"30052","110",""
"30908","110",""
"21297","110",""
"21366","110",""
"24418","110",""
"31474","110",""
"28013","110",""
"27900","110",""
"24390","110",""
"30934","110",""
"23852","110",""
"23859","110",""
"28295","110",""
"30595","110",""
"30600","110",""
"27814","111",""
"23976","111",""
"30140","111",""
"31518","111",""
"31190","111",""
"30940","111",""
"20631","111",""
"31592","111",""
"25639","111",""
"19970","111",""
"31408","111",""
"29068","111",""
"31000","111",""
"31387","111",""
"21025","111",""
"20668","111",""
"20542","111",""
"31382","111",""
"31035","111",""
"27704","111",""
"29116","111",""
"20757","111",""
"30048","111",""
"30903","111",""
"21295","111",""
"21397","111",""
"21365","111",""
"24417","111",""
"30912","111",""
"30919","111",""
"30061","111",""
"30917","111",""
"30915","111",""
"21443","111",""
"29106","111",""
"27188","111",""
"30008","111",""
"23839","111",""
"28294","111",""
"29811","111",""
"29635","111",""
"30930","111",""
"30937","111",""
"30949","111",""
"30952","111",""
"29791","111",""
"29794","111",""
"29784","111",""
"30594","111",""
"30599","111",""
"30628","112",""
"31317","112",""
"30832","112",""
"22452","112",""
"30111","112",""
"31323","112",""
"30617","112",""
"30325","112",""
"22613","113",""
"26367","113",""
"26354","113",""
"22615","113",""
"22654","113",""
"25029","113",""
"29994","114",""
"22294","114",""
"22292","114",""
"17150","115",""
"19993","115",""
"31450","115",""
"29446","115",""
"22782","115",""
"29961","116",""
"30546","116",""
"30549","116",""
"12166","116",""
"29063","116",""
"29060","116",""
"29792","116",""
"30402","116",""
"30682","117",""
"30686","117",""
"25768","117",""
"30673","117",""
"30668","117",""
"29311","117",""
"31252","118",""
"31258","118",""
"31248","118",""
"31203","118",""
"29672","118",""
"23201","395",""
"28864","395",""
"23891","395",""
"23884","395",""
"28715","395",""
"16483","395",""
"20933","395",""
"29399","395",""
"16492","395",""
"29058","395",""
"23917","395",""
"21736","395",""
"15417","395",""
"31525","395",""
"16481","395",""
"22921","395",""
"19879","395",""
"22852","395",""
"28630","395",""
"23911","395",""
"28332","1274",""
"28326","1274",""
"30576","1274",""
"29042","1275",""
"30480","1275",""
"20544","1275",""
"31821","1275",""
"27423","1275",""
"27395","1275",""
"27315","1275",""
"24372","1276",""
"30164","1276",""
"28537","1278",""
"29537","1278",""
"29534","1278",""
"23983","1278",""
"20627","1278",""
"20621","1278",""
"31588","1278",""
"28865","1279",""
"29360","1279",""
"24794","1279",""
"24749","1627",""
"28584","1627",""
"28596","1627",""
"19124","1627",""
"28590","1627",""
"28593","1627",""
"28560","1627",""
"27287","1627",""
"28587","1627",""
"28599","1627",""
"31353","1627",""
"31137","1628",""
"31133","1628",""
"31141","1628",""
"31445","1628",""
"21498","1628",""
"29896","1628",""
"30878","1628",""
"30568","1629",""
"28953","1629",""
"31612","1629",""
"30528","1629",""
"26287","1629",""
"26290","1629",""
"30982","1629",""
"26296","1629",""
"26299","1629",""
"31437","1629",""
"29589","1629",""
"29450","1629",""
"29435","1629",""
"31837","1629",""
"19319","1629",""
"24891","1629",""
"31825","1629",""
"24888","1629",""
"31102","1629",""
"31228","1629",""
"30072","1629",""
"24865","1629",""
"24868","1629",""
"24871","1629",""
"28636","1629",""
"30574","1629",""
"30540","1629",""
"31014","1976",""
"31579","1976",""
"30469","1976",""
"19318","1976",""
"24373","1976",""
"30165","1976",""
"31227","1976",""
"30539","1976",""
"30565","1977",""
"20313","1977",""
"28713","1977",""
"20309","1977",""
"29586","1977",""
"19563","1977",""
"31097","1977",""
"29178","1978",""
"29200","1978",""
"30083","1978",""
"29188","1978",""
"29561","1978",""
"29193","1978",""
"29183","1978",""
"30017","1979",""
"30020","1979",""
"30010","1979",""
"30013","1979",""
"30063","1979",""
"30026","1980",""
"30023","1980",""
"31434","1980",""
"29327","1980",""
"29179","1981",""
"30084","1981",""
"28478","1981",""
"28539","1981",""
"28544","1981",""
"28570","1981",""
"29105","1981",""
"28607","1981",""
"26309","1981",""
"29704","1981",""
"20453","1981",""
"26009","1981",""
"27294","1981",""
"29975","1981",""
"31439","1981",""
"31543","1981",""
"28612","1981",""
"26001","1981",""
"23606","1981",""
"23651","1981",""
"28480","1981",""
"28614","1981",""
"24931","1981",""
"31240","1982",""
"31193","1982",""
"20588","1982",""
"25669","1982",""
"31015","1982",""
"31409","1982",""
"31580","1982",""
"30470","1982",""
"21298","1982",""
"23889","1983",""
"22902","1983",""
"22850","1983",""
"22856","1983",""
"30932","1983",""
"23848","1983",""
"23855","1983",""
"29815","1983",""
"29639","1983",""
"29820","1983",""
"29801","1983",""
"30901","1983",""
"31593","1985",""
"25640","1985",""
"28226","1985",""
"31244","1985",""
"27867","1985",""
"29121","1985",""
"28214","1985",""
"21445","1985",""
"29111","1985",""
"23849","1985",""
"23856","1985",""
"29812","1985",""
"29638","1985",""
"30900","1985",""
"31517","1986",""
"20585","1986",""
"20630","1986",""
"31591","1986",""
"31407","1986",""
"29837","1986",""
"29845","1986",""
"20541","1986",""
"30913","1986",""
"31471","1986",""
"31217","1986",""
"30929","1986",""
"31214","1986",""
"31211","1986",""
"31207","1986",""
"31513","1986",""
"31238","1987",""
"30139","1987",""
"31516","1987",""
"23200","1987",""
"31191","1987",""
"30942","1987",""
"31372","1987",""
"20586","1987",""
"20629","1987",""
"20623","1987",""
"31590","1987",""
"25638","1987",""
"28224","1987",""
"25190","1987",""
"31406","1987",""
"29073","1987",""
"30999","1987",""
"31391","1987",""
"30194","1987",""
"29451","1987",""
"20671","1987",""
"29836","1987",""
"29844","1987",""
"31384","1987",""
"31034","1987",""
"31629","1987",""
"31829","1987",""
"29119","1987",""
"20758","1987",""
"28212","1987",""
"30050","1987",""
"30905","1987",""
"21296","1987",""
"21368","1987",""
"24420","1987",""
"30920","1987",""
"29109","1987",""
"27186","1987",""
"31618","1987",""
"31622","1987",""
"23622","1987",""
"29798","1987",""
"23846","1987",""
"23854","1987",""
"27746","1987",""
"29634","1987",""
"29800","1987",""
"30897","1987",""
"30910","1987",""
"30928","1987",""
"31215","1987",""
"31210","1987",""
"31206","1987",""
"30597","1987",""
"30602","1987",""
"31044","1987",""
"31512","1987",""
"27813","1988",""
"23975","1988",""
"23199","1988",""
"30945","1988",""
"31373","1988",""
"20587","1988",""
"28225","1988",""
"23887","1988",""
"23882","1988",""
"29075","1988",""
"31001","1988",""
"21007","1988",""
"31392","1988",""
"21024","1988",""
"22904","1988",""
"27887","1988",""
"29059","1988",""
"31523","1988",""
"31385","1988",""
"23656","1988",""
"31628","1988",""
"22855","1988",""
"27705","1988",""
"29120","1988",""
"28213","1988",""
"30053","1988",""
"30906","1988",""
"29110","1988",""
"31623","1988",""
"31159","1988",""
"23847","1988",""
"29814","1988",""
"29636","1988",""
"29818","1988",""
"30898","1988",""
"30938","1988",""
"29847","1988",""
"29849","1988",""
"29855","1988",""
"29853","1988",""
"30967","1989",""
"28292","1989",""
"21488","1989",""
"21491","1989",""
"31840","1991",""
"31826","1991",""
"31839","1992",""
"25030","1992",""
"26360","1993",""
"28456","1993",""
"28454","1993",""
"28462","1993",""
"28840","1993",""
"28466","1993",""
"28460","1993",""
"30290","1993",""
"20744","1993",""
"29201","1994",""
"22767","1994",""
"30706","1994",""
"25178","1994",""
"29189","1994",""
"29562","1994",""
"29194","1994",""
"29184","1994",""
"30789","2089",""
"30790","2090",""
"28571","2170",""
"28572","2171",""
"29195","2266",""
"29196","2267",""
