id,text
"1","First Name"
"2","Last Name"
"3","Company"
"4","Address"
"5","City"
"6","Country"
"7","State / Province"
"8","Zip / Postal Code"
"9","Phone Number"
"10","Fax"
"11","Type Of Address"
"12","Residential"
"13","Business"
"14","Copy Billing To Shipping"
"15","My Saved Billing Addresses"
"16","My Saved Shipping Addresses"
"17","My Saved Payment Methods"
"18","Email Address"
"19","Subtotal"
"20","Total"
"21","Shipping &amp; Handling"
"22","Gift Wrap"
"23","Gift Certificate"
"24","Payment Method"
"25","Order Comments"
"26","No payment necessary since grand total is {0}"
"27","Your order subtotal (before shipping &amp; tax) must be at least {0}. Please increase the quantity of the items in your cart, or go back and add additional items to your cart."
"28","This online checkout system has a maximum order total of {0}. If you'd like to place an order over this amount, please call or email us. Thank you."
"29","NOTE: Your actual cost is {0}.  All other currencies displayed on this page are for your convenience only, and are not actual costs. Exchange rates may vary."
"30","recalculate shipping & tax"
"31","remove selected"
"32","Bank Name"
"33","Account Type"
"34","CHECKING"
"35","SAVINGS"
"36","Routing Number"
"37","Account Number"
"38","Check Number"
"39","MICR"
"40","Is usually located between the <img src=""{0}"" width=""14"" height=""18"" align=""absmiddle""> symbols on your check."
"41","Typically comes before the <img src=""{0}"" width=""10"" height=""12"" align=""absmiddle""> symbol. Its exact location and number of digits varies from bank to bank."
"42","Is usually located at the top and bottom of your check."
"43","The entire line of numbers at the bottom of your check (which includes the routing number, account number, and check number)."
"44","Keep my payment method on file for easy checkout on future orders."
"45","Purchase Order Number"
"46","Credit / Debit Card Type"
"47","Credit / Debit Card Number"
"48","Name on Card"
"49","Security Code"
"50","Expiration Date"
"51","01 - January"
"52","02 - February"
"53","03 - March"
"54","04 - April"
"55","05 - May"
"56","06 - June"
"57","07 - July"
"58","08 - August"
"59","09 - September"
"60","10 - October"
"61","11 - November"
"62","12 - December"
"63","Choose Month"
"64","Choose Year"
"65","Issue&nbsp;Date:"
"66","Issue&nbsp;Number:"
"67","Click here for help"
"68","Code"
"69","Name"
"70","Price"
"71","Qty"
"72","Need to make changes to this order?"
"73","Edit items in cart"
"74","Apply a coupon"
"75","Apply a Gift Certificate"
"76","Sign Out"
"77","If you have a Gift Certificate code enter it here:"
"78","To apply a gift certificate, first create an account.<br /><b>STEP 1:</b> Fill in the ""e-mail address"" and ""password"" fields above.<br /><b>STEP 2:</b> Click the following button:"
"79","<b>STEP 3:</b> After you've done that, you will be able to enter your gift certificate code here."
"80","(Optional)"
"81","My Billing Address"
"82","A Different Address"
"83","Ship To"
"84","Then, Select State"
"85","Please fill in the {0} field {1}."
"86","Billing Address"
"87","Shipping Address"
"88","We could not validate your shipping address. Please check that it is correct and resubmit. Some suggested addresses"
"89","""{0}"" and ""Type it again"" must be the same, please try again."
"90","Please choose a shipping method below."
"91","Security Code must be 4 digits or less."
"92","Create a new account..."
"93","Credit / Debit Card Expiration Month"
"94","Credit / Debit Card Expiration Year"
"95","{0} must be numbers only."
"96","Please choose a valid {0} ""{1}"" for the country you selected of ""{2}"" from the list below."
"97","Please login to continue..."
"98","Apply this payment method change to ALL my existing orders."
"99","Choose the {0} you wish to use:"
"100","Edit your account..."
"101","New to {0} Get started below..."
"102","My e-mail&nbsp;address is:&nbsp;"
"103","Type it again:"
"104","<b><font size=""2"" color=""#CC8811"">Protect your information with a Password</font><br> </b>&nbsp;This will be your only {0} password."
"105","Enter a new password:"
"106","Edit this billing address..."
"107","Enter a new billing address..."
"108","Or enter a new billing address below..."
"109","Edit this shipping address..."
"110","Enter a new shipping address..."
"111","Or enter a new shipping address below..."
"112","Is this address also your billing address?"
"113","Yes"
"114","No"
"115","(If not, we'll ask you for it in a moment)"
"116","Edit this payment method..."
"117","Enter a new payment method..."
"118","Or enter a new payment method below..."
"119","Choose Payment Method:"
"120","<b>Have a gift certificate?</b> Lucky you! We will ask you for it on the next page(s). Please provide an additional payment method to cover any remaining balance."
"121","Return to start of checkout."
"122","To signup for the affiliate program, please login with your e-mail address and password, or create a new account below."
"123","Please enter your Tax ID below..."
"124","Website Address"
"125","<b>Please type your Tax ID#: <br> (required for tax purposes)</b>"
"126","(i.e. your SSN# or EIN#)"
"127","We will make your checks payable to your current billing address:"
"128","Pricing is viewable to Members Only."
"129","Note: Quantity discounts shown above will be automatically applied to your order."
"130","Buy..."
"131","Save..."
"132","New Price..."
"133","or more"
"134","ea."
"135","per order"
"136","Please enter a valid email address."
"137","We already have a record in our database with your email address, and have updated your catalog subscription details with the information you've just entered. Thank You!"
"138","Thank You! You have been added to our database of catalog subscribers."
"139","Your order has been locked, therefore your changes were NOT saved. Please contact customer support if you wish to make changes to your order."
"140","The item ""{0}"" in your order could not be modified because it has been locked."
"141","Your order has been updated successfully."
"142","Your order has been cancelled successfully."
"143","To cancel an item, change the quantity to 0 (zero) and Then click the <b>Save Changes</b> button."
"144","Return to Order Details"
"145","Sorry, our images are copyrighted."
"146","Item"
"147","Your billing address has been updated."
"148","If you are not re-directed within the next 10 seconds, click here to continue."
"149","<b>Are you sure you want to <font color=""#CC0000"">remove</font> these item(s) from your order?</b>"
"150","<b>Are you sure you want to <font color=""#CC0000"">delete</font> your entire order?</b>"
"151","Your shipping method has been updated successfully."
"152","Please select a ""Shipping Method"" below to continue."
"153","Your shipping speed has been updated, and your order totals have been adjusted accordingly."
"154","<b>Choose the shipping speed you would like to change your order to:</b>"
"155","<b>Welcome.{0}.</b> <font size=""1"">(If you're not {0}, <a href=""{1}"">click here</a>.)</font>"
"156","<b>Welcome.</b>"
"157","Signup for our newsletter"
"158","Invalid Product Code specified."
"159","Name of recipient"
"160","Recipient e-mail address"
"161","Your e-mail address"
"162","Your name"
"163","Personal Message"
"164","The verification code you entered did not match the image provided. Please re-enter the new code and try again."
"165","{0} wants you to see this product at {1}"
"166","Your e-mail has been sent successfully to {0}"
"167","Want to tell a friend about {0}? It's easy. Just enter the information requested below, click the &quot;E-mail a Friend&quot; button, and your message is on its way."
"168","I found this product at {0} and thought you might find it of interest."
"169","The above image says:"
"170","*Don't worry--this address will not be sold or used for promotional purposes."
"171","We are sorry, but we only allow up to 5 email submissions per day. Please try again tomorrow."
"172","Please fill in the field ""{0}""."
"173","Please hit your browser's back button and fix the errors listed above."
"174","Your Message must be less than {0} characters. It is currently {1} characters."
"175","Please fix the following Email Addresses marked INVALID, and try again."
"176","INVALID"
"177","OK"
"178","Each gift certificate must be at least {0}"
"179","The total value of this gift certificate purchase must be less than {0}. (Quantity x Amount)"
"180","The Quantity and total # of email addresses must be the same. (You entered a quantity of {0}, and {1} email addresses.)"
"181","Select the amount of each gift certificate:"
"182","<b>OR</b> enter your own amount here:"
"183","To:"
"184","From:"
"185","Message:"
"186","(Max. {0} characters, about {1} words)"
"187","Email Addresses of Recipients: <br> (separate by commas)"
"188","Save Changes to My Gift Certificate"
"189","Add Gift Certificates to My Shopping Cart"
"190","<b>Print Gift Certificates</b>"
"191","<b>Email Gift Certificates</b>"
"192","How would you like to send your gift certificate?"
"193","<b>Email:</b><ul><li type=""circle"">Delivered in 1-2 business days</li><li type=""circle"">Send gift certificates to <i>multiple addresses</i> all at once</li></ul><a href=""{0}"">SEND VIA EMAIL</a>"
"194","<b>Print:</b><ul><li type=""circle"">Delivered in 3-7 business days</li><li type=""circle"">Send multiple gift certificates to the <i>same address</i> all at once</li></ul><a href=""{0}"">SEND VIA PRINT</a>"
"195","The following gift note beginning with ""{0}..."" has been truncated to the maximum 255 characters. Please review it below."
"196","ERROR: You typed a gift note below, but you did not check the box indicating that your shipment is a gift."
"197","ERROR: You added gift wrap to your order, but you did not check the box indicating that your shipment is a gift."
"198","Are your items a gift?"
"199","<b> Yes, my items are a gift</b>, do not print prices on the packing slip. (No additional cost)"
"200","Continue"
"201","Product Description"
"202","Gift Note"
"203","Product Code"
"204","Type:"
"205","Email Addresses"
"206","<b>Enter your <FONT class=""pricecolor colors_productprice"">FREE</font> gift note:</b> (optional)<br> (About 5 lines of text, be sure to include ""To"" and ""From"".)"
"207","Enter your gift note: (optional)"
"208","<font color=""#999999"">Sorry, Gift Wrap not available for this item.</font>"
"209","Add Gift Wrap"
"210","(Article not found.)"
"211","Return to Help Index"
"212","Item Details"
"213","Item Name"
"214","Item Price"
"215","Options"
"216","<b>Credit / Debit Card Verification Number</b>"
"217","Better Price you requested..."
"218","Close Window"
"219","Submit"
"220","<font style=""font-size: 18px;"">No Results Were Found</font><br /><br /><a href=""{0}"">Click here</a> and search for what you are looking for"
"221","Please Select"
"222","Last Updated: {0}"
"223","Attachments"
"224","Was this article helpful?"
"225","(Best)"
"226","(Average)"
"227","(Worst)"
"228","Comments"
"229","Related Articles"
"230","Knowledge Base"
"231","All"
"232","Private Article"
"233","Your feedback is highly appreciated, thank you."
"234","Tags"
"235","View all Knowledge Base articles"
"236","TOP 5 MOST HELPFUL ARTICLES"
"237","NEWEST/RECENTLY UPDATED ARTICLES"
"238","Knowledge Base Category {0} does not exist."
"239","You are here: "
"240","Search for "
"241","Looking for more results? To perform an extensive search <a href=""{0}"">click here</a>."
"242","<font face='Arial' size='2'><b>Choose a sub category:</b></font>"
"243","You are here: <a href=""kb_results.asp"">Knowledge Base</a>"
"244","<font face='Arial' size='2'><b>Page {0} of {1}  </b></font>"
"245","Find by {0}"
"246","Incorrect Email / Password Entered."
"247","Please type your password below if you are an existing customer."
"248","Please type your e-mail address below."
"249","We're sorry, your account has been disabled for your security due to too many failed login attempts. Please contact customer service for assistance, or return after 24 hours and try again."
"250","The password you typed is invalid. Please type the password again."
"251","Your account has been cancelled. Please contact customer service if you wish to re-activate your account."
"252","Your account is pending activation. Please allow time for your account to be activated by our staff. Thank you."
"253","If for any reason you cannot proceed past this page, please call us for quick & easy assistance. Thank you."
"254","Sorry, the email address or password you typed is invalid. Please try again."
"255","You are now logged out."
"256","<font size=""3"" class=""colors_productname""><b>Returning Customers</b></font>"
"257","Password"
"258","Forgot your password?"
"259","Please login to access your account."
"260","The order you were trying to access does not exist."
"261","Order updated successfully."
"262","This order is already {0} (FREE!). You do not need to apply a gift certificate to this order."
"263","The value of this gift card has been applied to your account and will be automatically used on any future purchases you make."
"264","(Payment method no longer available.)"
"265","(Shipping method no longer available.)"
"266","Return to My Account"
"267","Click here to download the files you've purchased."
"268","Order#"
"269","<b>Order Placed:</b> {0} at {1} PST"
"270","Order Status"
"271","Shipped"
"272","New"
"273","Pending"
"274","Processing"
"275","Payment Declined"
"276","Awaiting Payment"
"277","Ready To Ship"
"278","Pending Shipment"
"279","Partially Shipped"
"280","Partially Backordered"
"281","Backordered"
"282","See Line Items"
"283","See Order Notes"
"284","Partially Returned"
"285","Returned"
"286","Cancelled"
"287","Your items shipped on {0} via {1}"
"288","TRACK YOUR PACKAGE"
"289","Shipping Speed"
"290","Items Ordered"
"291","Status"
"292","{0} of : {1}"
"293","Send To:"
"294","{0} of {1} Shipped"
"295","Payment Information"
"296","(""Bill To"" must match ""Ship To"" address)"
"297","Payment"
"298","{0} of GiftCard was used."
"299","{0} billed to:"
"300","You've paid <b>{0}</b> of <b>{1}</b>."
"301","Pay via PayPal"
"302","Thank you."
"303","Order Summary"
"304","Product Subtotal"
"305","Cannot place order. Customer ID {0} does not exist."
"306","Discounts"
"307","Gift Certificates"
"308","Grand Total"
"309","<b>Want to use a gift certificate?</b><br>Enter your gift certificate code here, then click &quot;Apply&quot;"
"310","<b>NOTE:</b> This order has already shipped or has reached the final stages of processing. Therefore this order is no longer editable."
"311","Looking for the order confirmation page that was displayed after checkout? <a href=""{0}"">Click here to view it again.</a>"
"312","For your security, you must login to your account if you wish to view an invoice. Thank you."
"313","click here to view / print a copy of your receipt."
"314","YOUR DOWNLOADS..."
"315","Click on the filename to begin downloading."
"316","[OrderDetailID {0} - File named ""{1}"" not found.]"
"317","<b>Don't see what you're looking for?</b>"
"318","Orders placed in the past 1 month"
"319","Orders placed in the past {0} months"
"320","Orders placed in {0}"
"321","Shipping to"
"322","Order date"
"323","Download File(s) >>>"
"324","No orders match your search."
"325","Return to Product Details Page"
"326","<b>Click on one of the photos below for a larger view...</b>"
"327","Home"
"328","Stock Status"
"329",""
"330","In Stock"
"331",""
"332","Email me when Back-In-Stock"
"333","Item Name <span class=""product_code_title"">(Item#)</span>"
"334","List Price"
"335","Price"
"336","<span style=""color:#B40404"">Sale Price</span>"
"337","Add"
"338","The email address you typed ({0}) has not been registered with us yet. <a href=""login.asp"">Click here to register</a>."
"339","Your password..."
"340","As you requested, here is your password:"
"341",""
"342","Please enter the email address you use to sign in to your account."
"343",""
"344",""
"345",""
"346",""
"347","Error: Order details unavailable. Please try again."
"348","The e-mail address you entered is already in our database of subscribers. Thank you for your interest."
"349","Thank You! You have been added to our database of e-mail subscribers."
"350","Add me to the mailing list"
"351","Your e-mail address has been removed from our Mailing List."
"352","Remove me from the mailing list"
"353","To access your account, please enter your e-mail address and password below."
"354","<b>Welcome to your account {0}.</b> You may use this page to manage your orders, payments, and other information, all in one place."
"355","<font size=2><b>My Orders</b></font>"
"356","Review orders / track packages"
"357","Change quantities / cancel orders"
"358","Change shipping address"
"359","Print invoices"
"360","Change billing address"
"361","Return items"
"362","<font size=2><b>Personal Information</b></font>"
"363","Change e-mail address, or password"
"364","Manage your billing addresses"
"365","Change my e-mail preferences"
"366","Manage your shipping addresses"
"367","Edit or delete a credit / debit card"
"368","View gift certificate balance"
"369","Apply a gift certificate to your account"
"370","<font size=2><b>Other Features</b></font>"
"371","Edit a review that I wrote"
"372","View my Wish List"
"373","<font size=2><b>Affiliate Statistics</b></font>"
"374","Visit My Affiliate Page"
"375","I'm done managing my account, log me out."
"376","Your affiliate account has not been properly configured. Please signup through the <a href=""{0}"">affiliate signup page</a>, or contact customer service for assistance."
"377","Choose the time period you wish to view"
"378","Level"
"379","People in level"
"380","Click<br />through"
"381","Sales"
"382","Sub-affiliate commission"
"383","<font color=""#FFFFFF""><b>Advertising Tools</b></font>"
"384","Generate Banner Ads"
"385","<font color=""#FFFFFF""><b>Helpful Reminders</b></font>"
"386","Your Link"
"387","Anyone who visits &quot;Your Link&quot; will be tracked, and you will get credit. Place your link anywhere: In e-mails, banner ads, on your website, etc."
"388","<b>Me</b>"
"389","Go"
"390","Click here to &quot;Select All Code&quot;"
"391","Click here to visit {0}"
"392","Advertising Campaign &quot;Direct Link&quot; Examples"
"393","Page"
"394","Example"
"395","Home Page"
"396","Product"
"397","Category"
"398","Search"
"399","Article"
"400","Shopping Cart"
"401","To redeem your gift certificate, please enter your e-mail address below and create a new account. If you are already a customer, please login below."
"402","This gift card has already been applied to your account."
"403","Enter your gift certificate code, then click &quot;Apply&quot;"
"404","My Gift Certificate balance"
"405","You currently have a gift certificate balance of <font size=4><b>{0}</b></font>. This balance will be automatically applied to any future purchases you make."
"406","Here are the top"
"407","most recent purchases using your gift certificates:"
"408","Gift Card ID"
"409","<b>Original<br>Gift Card Value</b>"
"410","<b>Amount Used<br>On This Order</b>"
"411","My Reviews"
"412","<b>Search for a Review</b>"
"413","by Keyword"
"414","by Product Code"
"415","by Date"
"416","Reviews written in the past 1 month"
"417","Reviews written in the past {0} months"
"418","Reviews written in {0}"
"419","No Reviews match your search."
"420","Title"
"421","Rating"
"422","Date"
"423","To place an order, you must be a registered member. Please login or register below."
"424","Please note: Tax has been updated based on your new ""ship to"" address. Please review then resubmit your order."
"425","Please note: Shipping rates have been updated based on your new ""ship to"" address. Please review then resubmit your order."
"426","No Batch or Order ID has been selected."
"427","Order ID #{0} Invalid. No products found on order."
"428","The Discount (or Gift Certificate) Code you entered has already been used. You do not have any more credit left in your account at this time."
"429","Invalid Order ID."
"430","(Shipping Method No Longer Avail.)"
"431","GIFT WRAPPED"
"432","SUBTOTAL"
"433","GIFT WRAP"
"434","SHIPPING"
"435","GIFT CERTIFICATES"
"436","TOTAL"
"437","CASH"
"438","CHANGE"
"439","CHECK"
"440","Bill To"
"441","<font size=4>Unable to generate GUID. Please hit the refresh button in your browser to try again.</font>"
"442","Shipping Method"
"443","Description"
"444","exc VAT"
"445","Additional Information"
"446","Customer ID#"
"447","Password (Type it again)"
"448","""Password"" must be at least 6 characters in length, please try again."
"449","The Email address you typed already has an account."
"450","Federal Tax ID #"
"451","Your Billing Address..."
"452","Your Payment Information..."
"453","If paying via Credit / Debit Card, please fill in the fields below. Otherwise, leave them blank..."
"454","Submit Registration"
"455","<strong>New Customers : Register Below</strong>"
"456","<strong>Returning Customers : Quick Login</strong>"
"457","Login"
"458","<font size=""3"" class=""colors_productname""><b>New Customers</b></font>"
"459","In order to rate a review, you must first login."
"460","<b>Thank you for your feedback!</b>"
"461","In order to write a review, you must first login."
"462","Your review must be less than 1000 characters in length. Your review is currently {0} characters."
"463","Your rating"
"464","Review Title / Subject"
"465","Type your Review..."
"466","Your review may not contain the following characters: {0}"
"469","Name to display"
"470","(Leave this field blank to remain Anonymous)"
"471","Your location"
"472","Save my changes to this Review"
"473","(Your shopping cart is empty)"
"474","(Your shopping cart contains 1 item priced at {0})"
"475","(Your shopping cart contains {0} items for a total cost of {1})"
"476","View My Cart"
"477","(Members Only)"
"478","Average Customer Review: {0}  Based on {1} reviews"
"479","Write a review."
"480","Product price is not filled in. This product cannot be purchased."
"481","Setup Cost"
"482","Regular {0}:"
"483","{0} {1} {2}"
"484","/{0} month(s)"
"485","Your {0}:"
"486","<b>Members Setup Cost:</b>"
"487","<b>Members Recurring Price:</b>"
"488","You save {0} + {1} every {2} month(s)!"
"489","<i><b>You save {0}!</i></b>"
"490","{0} in stock!"
"491","To add the above items to your cart, click the ""Add"" checkboxes then click ""Add To Cart"" &gt;&gt;&gt;"
"492","Browse for more products in the same category as this item:"
"493","Share your knowledge of this product with other customers... <a href=""{0}"">Be the first to write a review</a>"
"494","(Minimum order):&nbsp; {0}"
"495","Availability:"
"496","Check the items you wish to purchase, then click"
"497","{0} by <b>{1}</b>"
"498","Click to view another {0}"
"499","First, Select {0}"
"500","Then, Select {0}"
"501","[Add {0}]"
"502","[Subtract {0}]"
"503","{0}/mo."
"504","Most Helpful"
"505","Newest"
"506","Rating: High to Low"
"507","Rating: Low to High"
"508","No Records Found"
"509","{0} of {1} people found the following review helpful:"
"510",""
"511","{0} from {1}"
"512","Anonymous Person"
"513","<i>Thank you for your feedback on this review. We appreciate your input!</i>"
"514","Was this review helpful to you?"
"515","Sort By:"
"516","Category ID {0} does not exist."
"517","You are here: "
"518","Manufacturer"
"519","and"
"520","There are no items in your cart."
"521","Price Range:"
"522","Price: Low to High"
"523","Price: High to Low"
"524","Most Popular"
"525","Oldest"
"526","{0} per page"
"527","Above {0}"
"528","Below {0}"
"529","Your order must total at least {0} before you may proceed"
"530","Please select if your address is a residential or business address."
"531","There are no items in your shopping cart."
"532","Related Products &amp; Accessories..."
"533","ITEM&nbsp;&nbsp;DESCRIPTION"
"534","QTY"
"535","EACH"
"536","Cannot place order. Maximum orders per day has been exceeded."
"537","[+] View list of options I selected"
"538","Recurring Cost Summary"
"539","Monthly cost during first {0} months: {1}"
"540","(see item for details)"
"541","Monthly cost"
"542","Yearly cost"
"543","Click {0} to remove an item from your cart"
"544","Empty My Entire Cart"
"545","Shipping Rates"
"546","(change my address)"
"547","Calculate Shipping Rates"
"548","Coupon code? Enter it here:"
"549","Show gift options during checkout"
"550","Create  New Ticket"
"551","View My Existing Tickets"
"552","Correspondence"
"553","{0} said:"
"554","Customer said:"
"555","{0} ago"
"556","Post a Reply"
"557","Description / Question"
"558","Add Attachment"
"559","(max 10MB)"
"560","Add More Attachments"
"561","<center><font size=4><b>Invalid Ticket Number.</b></font></center>"
"562","today"
"563","yesterday"
"564","tomorrow"
"565","{0} days ago"
"566","in {0} days"
"567","{0} hour"
"568","{0} hours"
"569","{0} min"
"570","{0} sec"
"571","My Tickets"
"572","Ticket #"
"573","Subject"
"574","Date<br />Created"
"575","Most Recent<br />Reply"
"576","<center><font size=4><b>You have no tickets.</b></font></center>"
"577","Thank you for submitting your ticket. Someone will review your question(s) as soon as possible."
"578","General Information"
"579","Message Details"
"580","My E-mail Address"
"581","E-mail me a copy of this ticket"
"582","NOTE: Your order has been completed, however, the tracking number has not been posted to the shipping carrier's status system. Please allow 1-2 business days before trying again. Thank you."
"583","CURRENT STATUS"
"584","Scheduled Delivery Date: {0}"
"585","<font color=""#FFFFFF""><b>Package Progress...</b></font>"
"586","Time"
"587","Location"
"588","Activity"
"589","NO TRACKING DATA AVAILABLE"
"590","To use the wish list, please create an account below. If you already have an account, simply login..."
"591","Please click the ""checkboxes"" next to the items you wish to purchase below."
"592","The product you are trying to view no longer exists."
"593","Please verify / type your address below and click the ""continue"" button."
"594","Donation Amount"
"595","You must fill in a numerical value for the Other Amount field."
"596","Payment Type"
"597","Payment Period"
"598","The donation fund you selected no longer exists."
"599","I want to make a one-time donation."
"600","I want to make a recurring donation every"
"601","Month"
"602","Quarter"
"603","Year"
"604","other"
"605","ERROR: {0}"
"606","Please select a payment method."
"607","Please select a credit / debit card on file or enter in a new card number."
"608","Security Code must be at least 3 digits."
"609","Issue Number must be between 1 and 12."
"611","Thank you for updating your payment information."
"612","The email address you've typed already has an account. Please type a different e-mail address or <a href=""{0}"">click here</a> to go back and login."
"613","There is already an email address for the one specified. Please login with your email and password. If you have forgotten your password, click the 'forgot your password' link below to retrieve it."
"614","Credit / Debit Card Expiration Date Invalid. Must be in the format MM/YYYY."
"615","The item you have selected is presently unavailable"
"616","You have {0} of the product ""{1}"" in your cart."
"617","The minimum order quantity for product ""{0}"" is {1}."
"618","The maximum order quantity for product ""{0}"" is {1}."
"619","An item previously in your cart is no longer available."
"620","Sorry, the following kit item is currently out of stock: {0}"
"621","The quantity of the following kit item in your cart has been adjusted to meet the available quantity we currently have in stock: {0}"
"622","Sorry, the following item is currently out of stock: {0}"
"623","The quantity of the following item in your cart has been adjusted to meet the available quantity we currently have in stock: {0}"
"624","Your account is already setup to receive discounted pricing. Coupons may not be applied."
"625","Coupon code ""{0}"" cannot be used with any other coupon. If you'd like to use it, you must remove the other coupon(s) from your cart."
"626","Coupon code ""{0}"" cannot be used with any other coupon(s). Therefore, it has been removed and the new coupon has been added to your cart."
"627","The discount you've attempted to add is not yet valid. The promotion begins on {0}."
"628","The discount you've attempted to add is not valid. The promotion ended on {0}."
"629","The coupon you attempted to use is a one-time-use coupon, and you have already used it on a previous order, therefore we cannot accept this coupon again."
"630","Coupon code ""{0}"" is not valid. Your shopping cart must contain a total quantity of at least {1}. Your current cart quantity is {2}."
"631","Coupon code ""{0}"" is not valid. Your shopping cart must contain a total quantity of less than {1}. Your current cart quantity is {2}."
"632","Coupon code ""{0}"" is not valid. Your shopping cart subtotal must be at least {1}."
"633","Coupon code ""{0}"" is not valid. Your shopping cart subtotal must be less than {1}."
"634","Coupon code ""{0}"" is not valid. The promotion begins on {1}."
"635","Coupon code ""{0}"" is not valid. The coupon expired on {1}."
"636","Coupon code ""{0}"" is not valid."
"637","We cannot find your customer information. Please login again."
"638","Discount (or Gift Certificate) Code must be 13 characters (XXXX-XXXXX-XXXX)."
"639","The Gift Code you entered has already been redeemed by someone else."
"640","You have already redeemed, and used all of the funds on this Gift Card."
"641","You have already redeemed this Gift Card. It will automatically be used on any purchases you make today, or in the future."
"642","Your gift certificate has been applied to your account successfully."
"643","Invalid Discount (or Gift Certificate) Code."
"644","Payment Method Missing or Invalid Payment Method Type"
"645","Payment declined. Please verify your information or change your payment method by selecting a new payment method below."
"646","Reason for decline: {0}"
"647","Problem with credit / debit card number: {0}"
"648","No ""credit / debit card"" payment gateway details have been specified in store configuration."
"649","No ""electronic check"" payment gateway details have been specified in store configuration."
"650","Billing"
"651","Shipping"
"652","Your shipping address has been updated. Your shipping cost has also been re-calculated for this order."
"653","Your shipping address has been updated."
"654","Your payment information has been updated."
"655","Email me a better price"
"656","General Information"
"657","Email me a better price"
"658","<font size=""1"">(Required for Visa, MasterCard, AMEX &amp; Discover)</font>"
"659","Extended Information"
"660","Features"
"661","New Products"
"662","Super Deals!"
"663","Top Sellers"
"664","<b>The following items are included <font color=CC0000>FREE</font> with this product:</b><br>"
"665","Don't Forget..."
"666","Related Products..."
"667","SDS & Technical Specs"
"668","Alternative Views:"
"669","<font face=""Arial"" size=""2""><b>Choose a sub category:</b></font>"
"670","Shipping to {0}"
"671","Sorry, you do not have access to the page you were trying to reach."
"672","First, Select Country"
"673","To add items to your cart, you must first login with your account, or register below."
"674","Shipping Cost"
"675","{0}, you've received a Gift Certificate!"
"676","You've received a Gift Certificate!"
"677","Carrier"
"678","Tracking Number"
"679","Date Shipped"
"680","Click here to DOWNLOAD your software now."
"681","1 or more items in your order have shipped..."
"682","Your order has shipped..."
"683","The product you want is in stock at {0}"
"684","<b>You have already written a review for this product.</b><br><br>If you would like to edit your review, you may <a href=""{0}"">login to your account</a> to do so."
"685","Submit Review"
"686","Send as a gift"
"687","Please enter the following code into the box provided:"
"688","Monthly cost after first {0} months: {1}"
"689","{0} of <a href=""{1}"" onclick=""{2}"">{3}</a> ({4} value!)"
"690","Average Customer Review:"
"691","Based on {0} reviews"
"692","{0} <span class=""product_code"">({1})</span>"
"693","<font size=2><b>Payment Settings</b></font>"
"694","I wish to receive occassional newsletter emails from Factor II, Inc. regarding new products, upcoming training events and sales."
"695","You save {0} every {1} month(s)!"
"696","Free Shipping!"
"697","More Info"
"698","We found {0} results matching your criteria."
"699","Availability"
"700","Recent History"
"701","Customer Feedback for {0}"
"702","My Categories"
"703","My Categories"
"704","My Categories"
"705","My Categories"
"706","My Categories"
"707","My Categories"
"708","My Categories"
"709","My Categories"
"710","Find by Pricing"
"711","Below {0} ({1})"
"712","{0} and Above ({1})"
"713","{0} to {1} ({2})"
"714","Find by Brand"
"715","{0} ({1})"
"716","Find by Category"
"717","We're sorry but there are only {0} items available of this product ({1})."
"718","We're sorry but this item ({0}) has no more available stock."
"719","<b>Order History</b>"
"720","{0} of : <a href=""{1}"">{2}</a> {3}"
"721","Home"
"722","Show me Shipping Choices"
"723","Did you mean: "
"724","<div class=""refinement_filter""><a href=""javascript: void(0);"" onclick=""{0}"">{1}</a></div>"
"725","For security purposes, you must login prior to downloading. Thank you."
"726","The file you are attempting to access does not exist"
"727","Your session has expired. Please login again."
"728","Points to redeem must be numeric."
"729","Points to redeem must be greater than the minimum points of {0}."
"730","You do not have enough available points to redeem."
"731","Congratulations! You have turned {0} points into {1}"
"732","You'll earn <b>{0} points</b>"
"733","My Rewards"
"734","Tax"
"735","Select"
"736","Dear Customer,"
"737","Our current low price for the"
"738","is"
"739","To purchase this item at this price, click this link:"
"740","Thank you for shopping at "
"741","No exact matches found for {0}.  Result for {1} ({2})"
"742","<div style=""color:#666; font-size:18px""><b>Review your order:</b></div><br />"
"743","<div style=""color:#666; font-size:18px""><b>Review your purchased product(s):</b></div><br />"
"744","<div style=""color:#666; font-size:18px""><b>Your personal information:</b></div><br />"
"745","Thank you for submitting your review!"
"746","You may only review an order once."
"750","<b>Order#:</b>"
"751","<b>Overall rate:</b>"
"752","<b>Price:</b>"
"753","<b>Product quality:</b>"
"754","<b>Shipping options:</b>"
"755","<b>Delivery:</b>"
"756","<b>Ease of purchase:</b>"
"757","<b>Sales/Service:</b>"
"758","<b>Support/Service:</b>"
"759","<b>Website:</b>"
"760","<b>Review:</b>"
"761","CLICK HERE TO VIEW MOBILE EXPERIENCE"
"762","Please select a valid product to review."
"763","Edit Gift Wrap and Gift Options"
"764","Your order subtotal (before shipping & tax) must be at least {0}. This change would bring the total cost of your order to only {1}."
"765","This online system has a maximum order total (before shipping & tax) of {0}. This change would bring the total cost of your order to {1}."
"766","BALANCE"
"767","This item has not been added to your cart. The following kit item currently has no available stock: {0}"
"768","This item has a minimum order requirement of {0} and available stock is not sufficient to meet that requirement: {1}"
"769","This item has a minimum order requirement of {0} and available stock for the kit item is not sufficient to meet that requirement: {1}"
"770","{0} day"
"771","{0} days"
"773","Thank you for visiting {0}!"
"774","https://www.fedex.com/fedextrack/?trknbr={0}"
"775","http://auspost.com.au/track/track.html?id={0}"
"776","http://www.canadapost.ca/cpotools/apps/track/personal/findByTrackNumber?trackingNumber={0}"
"777","http://www.dhl.com/content/g0/en/express/tracking.shtml?brand=DHL&AWB={0}%0D%0A"
"778","http://www.royalmail.com/portal/rm/track?trackNumber={0}"
"779","recalculating..."
"780","You are {0} from qualifying for free shipping.<br />Look for this icon on qualifying products:{1} "
"781","remove item"
"782","N/A"
"783","Compare"
"784","Change Selections"
"785","You've attempted to select more than {0} items. Click {1} to continue with your initial {0} items or {2} to change your selections."
"786","You must review at least one product."
"787","(All other items have been added to the cart)"
"788","My commission"
"789","Poor"
"790","Fair"
"791","Average"
"792","Good"
"793","Excellent"
"794","Email A Friend only supports a single email address at a time. Please change your entry to include only a single email address."
"795","http://wwwapps.ups.com/WebTracking/processInputRequest?sort_by=status&tracknums_displayed=1&TypeOfInquiryNumber=T&loc=en_US&InquiryNumber1={0}&track.x=0&track.y=0"
"796","https://tools.usps.com/go/TrackConfirmAction?tLabels&origTrackNum={0}"
"797","{0} Inc VAT"
"798","{0} Exc VAT"
"799","{0} ({1} exc VAT)"
"800","{0} ({1} inc VAT)"
"801","{0} Inc GST"
"802","{0} Exc GST"
"803","{0} ({1} exc GST)"
"804","{0} ({1} inc GST)"
"805","Videos"
"806","There is no active Deal of the Day"
"807","Sorry, the deal you are looking for has ended."
"808","Deal not found"
"809","Check out our available Deal of the Day below!"
"810","Buy"
"811","Sold Out"
"812","Deal expires on {0}"
"813","Regular Price"
"814","Savings"
"815","Stock"
"816","Deal of the Day Price"
"817","Deal of the Day"
"818","Credit Card"
"819","Product Comparison"
"820","remove all items"
"821","Search Within"
"822","Compare"
"823","Also In Category"
"824","Product Description"
"825","Available Stock"
"826","Reward Points"
"827","Customer Reviews"
"828","Free Shipping"
"829","Password Assistance"
"830","Please enter the text from the image in the box below."
"831","In order to verify your identity, we've sent an email to you at {0} with instructions on resetting your password."
"832","Reset your password"
"833","Invalid Request"
"834","The URL to reset your password was only valid for 24 hours. To begin the Password Assistance process again, <a href=""/Login_sendpass.asp"" target=""_self"">click here</a>. "
"835","Your password has been changed."
"836","Email"
"837","Reset Password"
"838","For your security, your new administrator password must be a password that you have NOT used in the past."
"839","Your administrator password must be between 8 and 20 characters and contain at least one of each of the following: an uppercase letter, a lowercase letter, a number and a special character."
"840","Create Password"
"841","Retype Password"
"842","Added to cart"
"843","Subtotal"
"844","items in cart"
"845","January"
"846","February"
"847","March"
"848","April"
"849","May"
"850","June"
"851","July"
"852","August"
"853","September"
"854","October"
"855","November"
"856","December"
"857","Search"
"858","Credit / Debit Card Issue Month"
"859","Credit / Debit Card Issue Year"
"860","An error occurred while trying to process this transaction. Please try again. If this error persists, please contact us."
"861","You did not enter the required name, phone and email information. Please check and retry. If this error persists, please contact us."
"862","The billing address you entered was invalid. Please check and retry. If this error persists, please contact us."
"863","An error occurred involving your contact or address information. Please check and retry. If this error persists, please contact us."
"864","The card information you entered may be invalid. Please check and retry. If this error persists, please contact us."
"865","There may have been an error in the credit card information you supplied. Please check and retry. If this error persists, please contact us."
"866","There was an error in the credit card information you supplied. Please check and retry. If this error persists, please contact us. 
"
"867","There was an error in the credit card information you supplied. Please check that your card type is supported, and if so, retry. If this error persists, please contact us."
"868","Your session was unexpectedly lost. Please login to complete checkout."
"869","<b>Paypal&copy; Express Checkout unavailable</b><br />Paypal checkout is unavailable for products with recurring billing."
"870","Success! Check your email to continue.  If you have any more trouble, please contact customer service."
"871","Returning Customer? <a id=""headerLoginLink"" href=""javascript:void(0);"">Sign in</a>"
"872","Returning Customer?"
"873","Sign in below for a faster checkout."
"874","Forgot your password?"
"875","Forgot your password?"
"876","Enter your email address below to recover your password."
"877","Email"
"878","Password"
"879","Cancel"
"880","Sign In"
"881","Continue"
"882","Close"
"883","The coupon entered can be used one time only and has already been redeemed."
"884","Billing information managed by Amazon."
"885","<b>Amazon Pay is unavailable</b><br />Amazon Pay is unavailable for products with recurring billing."
"886","Change payment method/log out of Amazon Pay."
"887","More Info &rsaquo;"
"888","Relevance"
"892","Please enter the verification code below to join our mailing list."
"893","Please complete the reCAPTCHA below to join our mailing list."
"894","Please confirm your email address below."
"895","Type Above Code"
"900","This item cannot be shipped."
"901","Your cart contains one or more items which cannot be shipped."
"902","Shippable"
"903","A matching order could not be found for this ID."
"904","To complete payment with PayPal, click the PayPal Checkout button and follow the prompts provided. You will have a chance to review this page again before placing your order."
"905","To complete payment with PayPal, select your preferred service and follow the prompts provided. You will have a chance to review this page again before placing your order."
"906","Your back in stock email request has been processed."
"907","Price with Selected Options"
"908","Photo"
"909","This product qualifies for FREE SHIPPING!"
"910","The email address you've typed already has an account. Please type a different e-mail address or <a href=""{0}"" name=""login_link"">click here</a> to go back and login."
